name,url,description,test_type,duration,adaptive_support,remote_support
Automata Fix New,https://www.shl.com/solutions/products/product-catalog/view/automata-fix-new/,SHL assessment for Automata Fix New,['K'],60,No,Yes
Core Java Entry Level New,https://www.shl.com/solutions/products/product-catalog/view/core-java-entry-level-new/,SHL assessment for Core Java Entry Level New,['K'],60,No,Yes
Java 8 New,https://www.shl.com/solutions/products/product-catalog/view/java-8-new/,SHL assessment for Java 8 New,['K'],60,No,Yes
Core Java Advanced Level New,https://www.shl.com/solutions/products/product-catalog/view/core-java-advanced-level-new/,SHL assessment for Core Java Advanced Level New,['K'],60,No,Yes
Interpersonal Communications,https://www.shl.com/products/product-catalog/view/interpersonal-communications/,SHL assessment for Interpersonal Communications,['K'],60,No,Yes
Entry Level Sales 7 1,https://www.shl.com/solutions/products/product-catalog/view/entry-level-sales-7-1/,SHL assessment for Entry Level Sales 7 1,['K'],60,No,Yes
Entry Level Sales Sift Out 7 1,https://www.shl.com/solutions/products/product-catalog/view/entry-level-sales-sift-out-7-1/,SHL assessment for Entry Level Sales Sift Out 7 1,['K'],60,No,Yes
Entry Level Sales Solution,https://www.shl.com/solutions/products/product-catalog/view/entry-level-sales-solution/,SHL assessment for Entry Level Sales Solution,['K'],60,No,Yes
Sales Representative Solution,https://www.shl.com/solutions/products/product-catalog/view/sales-representative-solution/,SHL assessment for Sales Representative Solution,['K'],60,No,Yes
Business Communication Adaptive,https://www.shl.com/products/product-catalog/view/business-communication-adaptive/,SHL assessment for Business Communication Adaptive,['K'],60,No,Yes
Technical Sales Associate Solution,https://www.shl.com/solutions/products/product-catalog/view/technical-sales-associate-solution/,SHL assessment for Technical Sales Associate Solution,['K'],60,No,Yes
Svar Spoken English Indian Accent New,https://www.shl.com/solutions/products/product-catalog/view/svar-spoken-english-indian-accent-new/,SHL assessment for Svar Spoken English Indian Accent New,['K'],60,No,Yes
English Comprehension New,https://www.shl.com/solutions/products/product-catalog/view/english-comprehension-new/,SHL assessment for English Comprehension New,['K'],60,No,Yes
Enterprise Leadership Report,https://www.shl.com/products/product-catalog/view/enterprise-leadership-report/,SHL assessment for Enterprise Leadership Report,['K'],60,No,Yes
Occupational Personality Questionnaire Opq32R,https://www.shl.com/products/product-catalog/view/occupational-personality-questionnaire-opq32r/,SHL assessment for Occupational Personality Questionnaire Opq32R,['K'],60,No,Yes
Opq Leadership Report,https://www.shl.com/solutions/products/product-catalog/view/opq-leadership-report/,SHL assessment for Opq Leadership Report,['K'],60,No,Yes
Opq Team Types And Leadership Styles Report,https://www.shl.com/solutions/products/product-catalog/view/opq-team-types-and-leadership-styles-report,SHL assessment for Opq Team Types And Leadership Styles Report,['K'],60,No,Yes
Enterprise Leadership Report 2 0,https://www.shl.com/products/product-catalog/view/enterprise-leadership-report-2-0/,SHL assessment for Enterprise Leadership Report 2 0,['K'],60,No,Yes
Global Skills Assessment,https://www.shl.com/solutions/products/product-catalog/view/global-skills-assessment/,SHL assessment for Global Skills Assessment,['K'],60,No,Yes
Verify Verbal Ability Next Generation,https://www.shl.com/solutions/products/product-catalog/view/verify-verbal-ability-next-generation/,SHL assessment for Verify Verbal Ability Next Generation,['K'],60,No,Yes
Shl Verify Interactive Inductive Reasoning,https://www.shl.com/solutions/products/product-catalog/view/shl-verify-interactive-inductive-reasoning/,SHL assessment for Shl Verify Interactive Inductive Reasoning,['K'],60,No,Yes
Marketing New,https://www.shl.com/solutions/products/product-catalog/view/marketing-new/,SHL assessment for Marketing New,['K'],60,No,Yes
English Comprehension New,https://www.shl.com/products/product-catalog/view/english-comprehension-new/,SHL assessment for English Comprehension New,['K'],60,No,Yes
Drupal New,https://www.shl.com/solutions/products/product-catalog/view/drupal-new/,SHL assessment for Drupal New,['K'],60,No,Yes
Written English V1,https://www.shl.com/solutions/products/product-catalog/view/written-english-v1/,SHL assessment for Written English V1,['K'],60,No,Yes
Occupational Personality Questionnaire Opq32R,https://www.shl.com/solutions/products/product-catalog/view/occupational-personality-questionnaire-opq32r/,SHL assessment for Occupational Personality Questionnaire Opq32R,['K'],60,No,Yes
Search Engine Optimization New,https://www.shl.com/solutions/products/product-catalog/view/search-engine-optimization-new/,SHL assessment for Search Engine Optimization New,['K'],60,No,Yes
Automata Selenium,https://www.shl.com/solutions/products/product-catalog/view/automata-selenium/,SHL assessment for Automata Selenium,['K'],60,No,Yes
Professional 7 1 Solution,https://www.shl.com/products/product-catalog/view/professional-7-1-solution/,SHL assessment for Professional 7 1 Solution,['K'],60,No,Yes
Javascript New,https://www.shl.com/solutions/products/product-catalog/view/javascript-new/,SHL assessment for Javascript New,['K'],60,No,Yes
Htmlcss New,https://www.shl.com/solutions/products/product-catalog/view/htmlcss-new/,SHL assessment for Htmlcss New,['K'],60,No,Yes
Css3 New,https://www.shl.com/solutions/products/product-catalog/view/css3-new/,SHL assessment for Css3 New,['K'],60,No,Yes
Selenium New,https://www.shl.com/solutions/products/product-catalog/view/selenium-new/,SHL assessment for Selenium New,['K'],60,No,Yes
Sql Server New,https://www.shl.com/solutions/products/product-catalog/view/sql-server-new/,SHL assessment for Sql Server New,['K'],60,No,Yes
Automata Sql New,https://www.shl.com/solutions/products/product-catalog/view/automata-sql-new/,SHL assessment for Automata Sql New,['K'],60,No,Yes
Manual Testing New,https://www.shl.com/solutions/products/product-catalog/view/manual-testing-new/,SHL assessment for Manual Testing New,['K'],60,No,Yes
Administrative Professional Short Form,https://www.shl.com/solutions/products/product-catalog/view/administrative-professional-short-form/,SHL assessment for Administrative Professional Short Form,['K'],60,No,Yes
Verify Numerical Ability,https://www.shl.com/solutions/products/product-catalog/view/verify-numerical-ability/,SHL assessment for Verify Numerical Ability,['K'],60,No,Yes
Financial Professional Short Form,https://www.shl.com/solutions/products/product-catalog/view/financial-professional-short-form/,SHL assessment for Financial Professional Short Form,['K'],60,No,Yes
Bank Administrative Assistant Short Form,https://www.shl.com/solutions/products/product-catalog/view/bank-administrative-assistant-short-form/,SHL assessment for Bank Administrative Assistant Short Form,['K'],60,No,Yes
General Entry Level Data Entry 7 0 Solution,https://www.shl.com/solutions/products/product-catalog/view/general-entry-level-data-entry-7-0-solution/,SHL assessment for General Entry Level Data Entry 7 0 Solution,['K'],60,No,Yes
Basic Computer Literacy Windows 10 New,https://www.shl.com/solutions/products/product-catalog/view/basic-computer-literacy-windows-10-new/,SHL assessment for Basic Computer Literacy Windows 10 New,['K'],60,No,Yes
Manager 8 0 Jfa 4310,https://www.shl.com/solutions/products/product-catalog/view/manager-8-0-jfa-4310/,SHL assessment for Manager 8 0 Jfa 4310,['K'],60,No,Yes
Microsoft Excel 365 Essentials New,https://www.shl.com/solutions/products/product-catalog/view/microsoft-excel-365-essentials-new/,SHL assessment for Microsoft Excel 365 Essentials New,['K'],60,No,Yes
Digital Advertising New,https://www.shl.com/solutions/products/product-catalog/view/digital-advertising-new/,SHL assessment for Digital Advertising New,['K'],60,No,Yes
Writex Email Writing Sales New,https://www.shl.com/solutions/products/product-catalog/view/writex-email-writing-sales-new/,SHL assessment for Writex Email Writing Sales New,['K'],60,No,Yes
Shl Verify Interactive Numerical Calculation,https://www.shl.com/solutions/products/product-catalog/view/shl-verify-interactive-numerical-calculation/,SHL assessment for Shl Verify Interactive Numerical Calculation,['K'],60,No,Yes
Professional 7 1 Solution,https://www.shl.com/solutions/products/product-catalog/view/professional-7-1-solution/,SHL assessment for Professional 7 1 Solution,['K'],60,No,Yes
Sql Server Analysis Services %28Ssas%29 %28New%29,https://www.shl.com/solutions/products/product-catalog/view/sql-server-analysis-services-%28ssas%29-%28new%29/,SHL assessment for Sql Server Analysis Services %28Ssas%29 %28New%29,['K'],60,No,Yes
Python New,https://www.shl.com/solutions/products/product-catalog/view/python-new/,SHL assessment for Python New,['K'],60,No,Yes
Tableau New,https://www.shl.com/solutions/products/product-catalog/view/tableau-new/,SHL assessment for Tableau New,['K'],60,No,Yes
Microsoft Excel 365 New,https://www.shl.com/solutions/products/product-catalog/view/microsoft-excel-365-new/,SHL assessment for Microsoft Excel 365 New,['K'],60,No,Yes
Professional 7 0 Solution 3958,https://www.shl.com/solutions/products/product-catalog/view/professional-7-0-solution-3958/,SHL assessment for Professional 7 0 Solution 3958,['K'],60,No,Yes
Data Warehousing Concepts,https://www.shl.com/solutions/products/product-catalog/view/data-warehousing-concepts/,SHL assessment for Data Warehousing Concepts,['K'],60,No,Yes
Sample Assessment 1,https://www.shl.com/sample/assessment-1/,Sample assessment #1 for testing,['K'],45,No,Yes
Sample Assessment 2,https://www.shl.com/sample/assessment-2/,Sample assessment #2 for testing,['K'],45,No,Yes
Sample Assessment 3,https://www.shl.com/sample/assessment-3/,Sample assessment #3 for testing,['K'],45,No,Yes
Sample Assessment 4,https://www.shl.com/sample/assessment-4/,Sample assessment #4 for testing,['K'],45,No,Yes
Sample Assessment 5,https://www.shl.com/sample/assessment-5/,Sample assessment #5 for testing,['K'],45,No,Yes
Sample Assessment 6,https://www.shl.com/sample/assessment-6/,Sample assessment #6 for testing,['K'],45,No,Yes
Sample Assessment 7,https://www.shl.com/sample/assessment-7/,Sample assessment #7 for testing,['K'],45,No,Yes
Sample Assessment 8,https://www.shl.com/sample/assessment-8/,Sample assessment #8 for testing,['K'],45,No,Yes
Sample Assessment 9,https://www.shl.com/sample/assessment-9/,Sample assessment #9 for testing,['K'],45,No,Yes
Sample Assessment 10,https://www.shl.com/sample/assessment-10/,Sample assessment #10 for testing,['K'],45,No,Yes
Sample Assessment 11,https://www.shl.com/sample/assessment-11/,Sample assessment #11 for testing,['K'],45,No,Yes
Sample Assessment 12,https://www.shl.com/sample/assessment-12/,Sample assessment #12 for testing,['K'],45,No,Yes
Sample Assessment 13,https://www.shl.com/sample/assessment-13/,Sample assessment #13 for testing,['K'],45,No,Yes
Sample Assessment 14,https://www.shl.com/sample/assessment-14/,Sample assessment #14 for testing,['K'],45,No,Yes
Sample Assessment 15,https://www.shl.com/sample/assessment-15/,Sample assessment #15 for testing,['K'],45,No,Yes
Sample Assessment 16,https://www.shl.com/sample/assessment-16/,Sample assessment #16 for testing,['K'],45,No,Yes
Sample Assessment 17,https://www.shl.com/sample/assessment-17/,Sample assessment #17 for testing,['K'],45,No,Yes
Sample Assessment 18,https://www.shl.com/sample/assessment-18/,Sample assessment #18 for testing,['K'],45,No,Yes
Sample Assessment 19,https://www.shl.com/sample/assessment-19/,Sample assessment #19 for testing,['K'],45,No,Yes
Sample Assessment 20,https://www.shl.com/sample/assessment-20/,Sample assessment #20 for testing,['K'],45,No,Yes
Sample Assessment 21,https://www.shl.com/sample/assessment-21/,Sample assessment #21 for testing,['K'],45,No,Yes
Sample Assessment 22,https://www.shl.com/sample/assessment-22/,Sample assessment #22 for testing,['K'],45,No,Yes
Sample Assessment 23,https://www.shl.com/sample/assessment-23/,Sample assessment #23 for testing,['K'],45,No,Yes
Sample Assessment 24,https://www.shl.com/sample/assessment-24/,Sample assessment #24 for testing,['K'],45,No,Yes
Sample Assessment 25,https://www.shl.com/sample/assessment-25/,Sample assessment #25 for testing,['K'],45,No,Yes
Sample Assessment 26,https://www.shl.com/sample/assessment-26/,Sample assessment #26 for testing,['K'],45,No,Yes
Sample Assessment 27,https://www.shl.com/sample/assessment-27/,Sample assessment #27 for testing,['K'],45,No,Yes
Sample Assessment 28,https://www.shl.com/sample/assessment-28/,Sample assessment #28 for testing,['K'],45,No,Yes
Sample Assessment 29,https://www.shl.com/sample/assessment-29/,Sample assessment #29 for testing,['K'],45,No,Yes
Sample Assessment 30,https://www.shl.com/sample/assessment-30/,Sample assessment #30 for testing,['K'],45,No,Yes
Sample Assessment 31,https://www.shl.com/sample/assessment-31/,Sample assessment #31 for testing,['K'],45,No,Yes
Sample Assessment 32,https://www.shl.com/sample/assessment-32/,Sample assessment #32 for testing,['K'],45,No,Yes
Sample Assessment 33,https://www.shl.com/sample/assessment-33/,Sample assessment #33 for testing,['K'],45,No,Yes
Sample Assessment 34,https://www.shl.com/sample/assessment-34/,Sample assessment #34 for testing,['K'],45,No,Yes
Sample Assessment 35,https://www.shl.com/sample/assessment-35/,Sample assessment #35 for testing,['K'],45,No,Yes
Sample Assessment 36,https://www.shl.com/sample/assessment-36/,Sample assessment #36 for testing,['K'],45,No,Yes
Sample Assessment 37,https://www.shl.com/sample/assessment-37/,Sample assessment #37 for testing,['K'],45,No,Yes
Sample Assessment 38,https://www.shl.com/sample/assessment-38/,Sample assessment #38 for testing,['K'],45,No,Yes
Sample Assessment 39,https://www.shl.com/sample/assessment-39/,Sample assessment #39 for testing,['K'],45,No,Yes
Sample Assessment 40,https://www.shl.com/sample/assessment-40/,Sample assessment #40 for testing,['K'],45,No,Yes
Sample Assessment 41,https://www.shl.com/sample/assessment-41/,Sample assessment #41 for testing,['K'],45,No,Yes
Sample Assessment 42,https://www.shl.com/sample/assessment-42/,Sample assessment #42 for testing,['K'],45,No,Yes
Sample Assessment 43,https://www.shl.com/sample/assessment-43/,Sample assessment #43 for testing,['K'],45,No,Yes
Sample Assessment 44,https://www.shl.com/sample/assessment-44/,Sample assessment #44 for testing,['K'],45,No,Yes
Sample Assessment 45,https://www.shl.com/sample/assessment-45/,Sample assessment #45 for testing,['K'],45,No,Yes
Sample Assessment 46,https://www.shl.com/sample/assessment-46/,Sample assessment #46 for testing,['K'],45,No,Yes
Sample Assessment 47,https://www.shl.com/sample/assessment-47/,Sample assessment #47 for testing,['K'],45,No,Yes
Sample Assessment 48,https://www.shl.com/sample/assessment-48/,Sample assessment #48 for testing,['K'],45,No,Yes
Sample Assessment 49,https://www.shl.com/sample/assessment-49/,Sample assessment #49 for testing,['K'],45,No,Yes
Sample Assessment 50,https://www.shl.com/sample/assessment-50/,Sample assessment #50 for testing,['K'],45,No,Yes
Sample Assessment 51,https://www.shl.com/sample/assessment-51/,Sample assessment #51 for testing,['K'],45,No,Yes
Sample Assessment 52,https://www.shl.com/sample/assessment-52/,Sample assessment #52 for testing,['K'],45,No,Yes
Sample Assessment 53,https://www.shl.com/sample/assessment-53/,Sample assessment #53 for testing,['K'],45,No,Yes
Sample Assessment 54,https://www.shl.com/sample/assessment-54/,Sample assessment #54 for testing,['K'],45,No,Yes
Sample Assessment 55,https://www.shl.com/sample/assessment-55/,Sample assessment #55 for testing,['K'],45,No,Yes
Sample Assessment 56,https://www.shl.com/sample/assessment-56/,Sample assessment #56 for testing,['K'],45,No,Yes
Sample Assessment 57,https://www.shl.com/sample/assessment-57/,Sample assessment #57 for testing,['K'],45,No,Yes
Sample Assessment 58,https://www.shl.com/sample/assessment-58/,Sample assessment #58 for testing,['K'],45,No,Yes
Sample Assessment 59,https://www.shl.com/sample/assessment-59/,Sample assessment #59 for testing,['K'],45,No,Yes
Sample Assessment 60,https://www.shl.com/sample/assessment-60/,Sample assessment #60 for testing,['K'],45,No,Yes
Sample Assessment 61,https://www.shl.com/sample/assessment-61/,Sample assessment #61 for testing,['K'],45,No,Yes
Sample Assessment 62,https://www.shl.com/sample/assessment-62/,Sample assessment #62 for testing,['K'],45,No,Yes
Sample Assessment 63,https://www.shl.com/sample/assessment-63/,Sample assessment #63 for testing,['K'],45,No,Yes
Sample Assessment 64,https://www.shl.com/sample/assessment-64/,Sample assessment #64 for testing,['K'],45,No,Yes
Sample Assessment 65,https://www.shl.com/sample/assessment-65/,Sample assessment #65 for testing,['K'],45,No,Yes
Sample Assessment 66,https://www.shl.com/sample/assessment-66/,Sample assessment #66 for testing,['K'],45,No,Yes
Sample Assessment 67,https://www.shl.com/sample/assessment-67/,Sample assessment #67 for testing,['K'],45,No,Yes
Sample Assessment 68,https://www.shl.com/sample/assessment-68/,Sample assessment #68 for testing,['K'],45,No,Yes
Sample Assessment 69,https://www.shl.com/sample/assessment-69/,Sample assessment #69 for testing,['K'],45,No,Yes
Sample Assessment 70,https://www.shl.com/sample/assessment-70/,Sample assessment #70 for testing,['K'],45,No,Yes
Sample Assessment 71,https://www.shl.com/sample/assessment-71/,Sample assessment #71 for testing,['K'],45,No,Yes
Sample Assessment 72,https://www.shl.com/sample/assessment-72/,Sample assessment #72 for testing,['K'],45,No,Yes
Sample Assessment 73,https://www.shl.com/sample/assessment-73/,Sample assessment #73 for testing,['K'],45,No,Yes
Sample Assessment 74,https://www.shl.com/sample/assessment-74/,Sample assessment #74 for testing,['K'],45,No,Yes
Sample Assessment 75,https://www.shl.com/sample/assessment-75/,Sample assessment #75 for testing,['K'],45,No,Yes
Sample Assessment 76,https://www.shl.com/sample/assessment-76/,Sample assessment #76 for testing,['K'],45,No,Yes
Sample Assessment 77,https://www.shl.com/sample/assessment-77/,Sample assessment #77 for testing,['K'],45,No,Yes
Sample Assessment 78,https://www.shl.com/sample/assessment-78/,Sample assessment #78 for testing,['K'],45,No,Yes
Sample Assessment 79,https://www.shl.com/sample/assessment-79/,Sample assessment #79 for testing,['K'],45,No,Yes
Sample Assessment 80,https://www.shl.com/sample/assessment-80/,Sample assessment #80 for testing,['K'],45,No,Yes
Sample Assessment 81,https://www.shl.com/sample/assessment-81/,Sample assessment #81 for testing,['K'],45,No,Yes
Sample Assessment 82,https://www.shl.com/sample/assessment-82/,Sample assessment #82 for testing,['K'],45,No,Yes
Sample Assessment 83,https://www.shl.com/sample/assessment-83/,Sample assessment #83 for testing,['K'],45,No,Yes
Sample Assessment 84,https://www.shl.com/sample/assessment-84/,Sample assessment #84 for testing,['K'],45,No,Yes
Sample Assessment 85,https://www.shl.com/sample/assessment-85/,Sample assessment #85 for testing,['K'],45,No,Yes
Sample Assessment 86,https://www.shl.com/sample/assessment-86/,Sample assessment #86 for testing,['K'],45,No,Yes
Sample Assessment 87,https://www.shl.com/sample/assessment-87/,Sample assessment #87 for testing,['K'],45,No,Yes
Sample Assessment 88,https://www.shl.com/sample/assessment-88/,Sample assessment #88 for testing,['K'],45,No,Yes
Sample Assessment 89,https://www.shl.com/sample/assessment-89/,Sample assessment #89 for testing,['K'],45,No,Yes
Sample Assessment 90,https://www.shl.com/sample/assessment-90/,Sample assessment #90 for testing,['K'],45,No,Yes
Sample Assessment 91,https://www.shl.com/sample/assessment-91/,Sample assessment #91 for testing,['K'],45,No,Yes
Sample Assessment 92,https://www.shl.com/sample/assessment-92/,Sample assessment #92 for testing,['K'],45,No,Yes
Sample Assessment 93,https://www.shl.com/sample/assessment-93/,Sample assessment #93 for testing,['K'],45,No,Yes
Sample Assessment 94,https://www.shl.com/sample/assessment-94/,Sample assessment #94 for testing,['K'],45,No,Yes
Sample Assessment 95,https://www.shl.com/sample/assessment-95/,Sample assessment #95 for testing,['K'],45,No,Yes
Sample Assessment 96,https://www.shl.com/sample/assessment-96/,Sample assessment #96 for testing,['K'],45,No,Yes
Sample Assessment 97,https://www.shl.com/sample/assessment-97/,Sample assessment #97 for testing,['K'],45,No,Yes
Sample Assessment 98,https://www.shl.com/sample/assessment-98/,Sample assessment #98 for testing,['K'],45,No,Yes
Sample Assessment 99,https://www.shl.com/sample/assessment-99/,Sample assessment #99 for testing,['K'],45,No,Yes
Sample Assessment 100,https://www.shl.com/sample/assessment-100/,Sample assessment #100 for testing,['K'],45,No,Yes
Sample Assessment 101,https://www.shl.com/sample/assessment-101/,Sample assessment #101 for testing,['K'],45,No,Yes
Sample Assessment 102,https://www.shl.com/sample/assessment-102/,Sample assessment #102 for testing,['K'],45,No,Yes
Sample Assessment 103,https://www.shl.com/sample/assessment-103/,Sample assessment #103 for testing,['K'],45,No,Yes
Sample Assessment 104,https://www.shl.com/sample/assessment-104/,Sample assessment #104 for testing,['K'],45,No,Yes
Sample Assessment 105,https://www.shl.com/sample/assessment-105/,Sample assessment #105 for testing,['K'],45,No,Yes
Sample Assessment 106,https://www.shl.com/sample/assessment-106/,Sample assessment #106 for testing,['K'],45,No,Yes
Sample Assessment 107,https://www.shl.com/sample/assessment-107/,Sample assessment #107 for testing,['K'],45,No,Yes
Sample Assessment 108,https://www.shl.com/sample/assessment-108/,Sample assessment #108 for testing,['K'],45,No,Yes
Sample Assessment 109,https://www.shl.com/sample/assessment-109/,Sample assessment #109 for testing,['K'],45,No,Yes
Sample Assessment 110,https://www.shl.com/sample/assessment-110/,Sample assessment #110 for testing,['K'],45,No,Yes
Sample Assessment 111,https://www.shl.com/sample/assessment-111/,Sample assessment #111 for testing,['K'],45,No,Yes
Sample Assessment 112,https://www.shl.com/sample/assessment-112/,Sample assessment #112 for testing,['K'],45,No,Yes
Sample Assessment 113,https://www.shl.com/sample/assessment-113/,Sample assessment #113 for testing,['K'],45,No,Yes
Sample Assessment 114,https://www.shl.com/sample/assessment-114/,Sample assessment #114 for testing,['K'],45,No,Yes
Sample Assessment 115,https://www.shl.com/sample/assessment-115/,Sample assessment #115 for testing,['K'],45,No,Yes
Sample Assessment 116,https://www.shl.com/sample/assessment-116/,Sample assessment #116 for testing,['K'],45,No,Yes
Sample Assessment 117,https://www.shl.com/sample/assessment-117/,Sample assessment #117 for testing,['K'],45,No,Yes
Sample Assessment 118,https://www.shl.com/sample/assessment-118/,Sample assessment #118 for testing,['K'],45,No,Yes
Sample Assessment 119,https://www.shl.com/sample/assessment-119/,Sample assessment #119 for testing,['K'],45,No,Yes
Sample Assessment 120,https://www.shl.com/sample/assessment-120/,Sample assessment #120 for testing,['K'],45,No,Yes
Sample Assessment 121,https://www.shl.com/sample/assessment-121/,Sample assessment #121 for testing,['K'],45,No,Yes
Sample Assessment 122,https://www.shl.com/sample/assessment-122/,Sample assessment #122 for testing,['K'],45,No,Yes
Sample Assessment 123,https://www.shl.com/sample/assessment-123/,Sample assessment #123 for testing,['K'],45,No,Yes
Sample Assessment 124,https://www.shl.com/sample/assessment-124/,Sample assessment #124 for testing,['K'],45,No,Yes
Sample Assessment 125,https://www.shl.com/sample/assessment-125/,Sample assessment #125 for testing,['K'],45,No,Yes
Sample Assessment 126,https://www.shl.com/sample/assessment-126/,Sample assessment #126 for testing,['K'],45,No,Yes
Sample Assessment 127,https://www.shl.com/sample/assessment-127/,Sample assessment #127 for testing,['K'],45,No,Yes
Sample Assessment 128,https://www.shl.com/sample/assessment-128/,Sample assessment #128 for testing,['K'],45,No,Yes
Sample Assessment 129,https://www.shl.com/sample/assessment-129/,Sample assessment #129 for testing,['K'],45,No,Yes
Sample Assessment 130,https://www.shl.com/sample/assessment-130/,Sample assessment #130 for testing,['K'],45,No,Yes
Sample Assessment 131,https://www.shl.com/sample/assessment-131/,Sample assessment #131 for testing,['K'],45,No,Yes
Sample Assessment 132,https://www.shl.com/sample/assessment-132/,Sample assessment #132 for testing,['K'],45,No,Yes
Sample Assessment 133,https://www.shl.com/sample/assessment-133/,Sample assessment #133 for testing,['K'],45,No,Yes
Sample Assessment 134,https://www.shl.com/sample/assessment-134/,Sample assessment #134 for testing,['K'],45,No,Yes
Sample Assessment 135,https://www.shl.com/sample/assessment-135/,Sample assessment #135 for testing,['K'],45,No,Yes
Sample Assessment 136,https://www.shl.com/sample/assessment-136/,Sample assessment #136 for testing,['K'],45,No,Yes
Sample Assessment 137,https://www.shl.com/sample/assessment-137/,Sample assessment #137 for testing,['K'],45,No,Yes
Sample Assessment 138,https://www.shl.com/sample/assessment-138/,Sample assessment #138 for testing,['K'],45,No,Yes
Sample Assessment 139,https://www.shl.com/sample/assessment-139/,Sample assessment #139 for testing,['K'],45,No,Yes
Sample Assessment 140,https://www.shl.com/sample/assessment-140/,Sample assessment #140 for testing,['K'],45,No,Yes
Sample Assessment 141,https://www.shl.com/sample/assessment-141/,Sample assessment #141 for testing,['K'],45,No,Yes
Sample Assessment 142,https://www.shl.com/sample/assessment-142/,Sample assessment #142 for testing,['K'],45,No,Yes
Sample Assessment 143,https://www.shl.com/sample/assessment-143/,Sample assessment #143 for testing,['K'],45,No,Yes
Sample Assessment 144,https://www.shl.com/sample/assessment-144/,Sample assessment #144 for testing,['K'],45,No,Yes
Sample Assessment 145,https://www.shl.com/sample/assessment-145/,Sample assessment #145 for testing,['K'],45,No,Yes
Sample Assessment 146,https://www.shl.com/sample/assessment-146/,Sample assessment #146 for testing,['K'],45,No,Yes
Sample Assessment 147,https://www.shl.com/sample/assessment-147/,Sample assessment #147 for testing,['K'],45,No,Yes
Sample Assessment 148,https://www.shl.com/sample/assessment-148/,Sample assessment #148 for testing,['K'],45,No,Yes
Sample Assessment 149,https://www.shl.com/sample/assessment-149/,Sample assessment #149 for testing,['K'],45,No,Yes
Sample Assessment 150,https://www.shl.com/sample/assessment-150/,Sample assessment #150 for testing,['K'],45,No,Yes
Sample Assessment 151,https://www.shl.com/sample/assessment-151/,Sample assessment #151 for testing,['K'],45,No,Yes
Sample Assessment 152,https://www.shl.com/sample/assessment-152/,Sample assessment #152 for testing,['K'],45,No,Yes
Sample Assessment 153,https://www.shl.com/sample/assessment-153/,Sample assessment #153 for testing,['K'],45,No,Yes
Sample Assessment 154,https://www.shl.com/sample/assessment-154/,Sample assessment #154 for testing,['K'],45,No,Yes
Sample Assessment 155,https://www.shl.com/sample/assessment-155/,Sample assessment #155 for testing,['K'],45,No,Yes
Sample Assessment 156,https://www.shl.com/sample/assessment-156/,Sample assessment #156 for testing,['K'],45,No,Yes
Sample Assessment 157,https://www.shl.com/sample/assessment-157/,Sample assessment #157 for testing,['K'],45,No,Yes
Sample Assessment 158,https://www.shl.com/sample/assessment-158/,Sample assessment #158 for testing,['K'],45,No,Yes
Sample Assessment 159,https://www.shl.com/sample/assessment-159/,Sample assessment #159 for testing,['K'],45,No,Yes
Sample Assessment 160,https://www.shl.com/sample/assessment-160/,Sample assessment #160 for testing,['K'],45,No,Yes
Sample Assessment 161,https://www.shl.com/sample/assessment-161/,Sample assessment #161 for testing,['K'],45,No,Yes
Sample Assessment 162,https://www.shl.com/sample/assessment-162/,Sample assessment #162 for testing,['K'],45,No,Yes
Sample Assessment 163,https://www.shl.com/sample/assessment-163/,Sample assessment #163 for testing,['K'],45,No,Yes
Sample Assessment 164,https://www.shl.com/sample/assessment-164/,Sample assessment #164 for testing,['K'],45,No,Yes
Sample Assessment 165,https://www.shl.com/sample/assessment-165/,Sample assessment #165 for testing,['K'],45,No,Yes
Sample Assessment 166,https://www.shl.com/sample/assessment-166/,Sample assessment #166 for testing,['K'],45,No,Yes
Sample Assessment 167,https://www.shl.com/sample/assessment-167/,Sample assessment #167 for testing,['K'],45,No,Yes
Sample Assessment 168,https://www.shl.com/sample/assessment-168/,Sample assessment #168 for testing,['K'],45,No,Yes
Sample Assessment 169,https://www.shl.com/sample/assessment-169/,Sample assessment #169 for testing,['K'],45,No,Yes
Sample Assessment 170,https://www.shl.com/sample/assessment-170/,Sample assessment #170 for testing,['K'],45,No,Yes
Sample Assessment 171,https://www.shl.com/sample/assessment-171/,Sample assessment #171 for testing,['K'],45,No,Yes
Sample Assessment 172,https://www.shl.com/sample/assessment-172/,Sample assessment #172 for testing,['K'],45,No,Yes
Sample Assessment 173,https://www.shl.com/sample/assessment-173/,Sample assessment #173 for testing,['K'],45,No,Yes
Sample Assessment 174,https://www.shl.com/sample/assessment-174/,Sample assessment #174 for testing,['K'],45,No,Yes
Sample Assessment 175,https://www.shl.com/sample/assessment-175/,Sample assessment #175 for testing,['K'],45,No,Yes
Sample Assessment 176,https://www.shl.com/sample/assessment-176/,Sample assessment #176 for testing,['K'],45,No,Yes
Sample Assessment 177,https://www.shl.com/sample/assessment-177/,Sample assessment #177 for testing,['K'],45,No,Yes
Sample Assessment 178,https://www.shl.com/sample/assessment-178/,Sample assessment #178 for testing,['K'],45,No,Yes
Sample Assessment 179,https://www.shl.com/sample/assessment-179/,Sample assessment #179 for testing,['K'],45,No,Yes
Sample Assessment 180,https://www.shl.com/sample/assessment-180/,Sample assessment #180 for testing,['K'],45,No,Yes
Sample Assessment 181,https://www.shl.com/sample/assessment-181/,Sample assessment #181 for testing,['K'],45,No,Yes
Sample Assessment 182,https://www.shl.com/sample/assessment-182/,Sample assessment #182 for testing,['K'],45,No,Yes
Sample Assessment 183,https://www.shl.com/sample/assessment-183/,Sample assessment #183 for testing,['K'],45,No,Yes
Sample Assessment 184,https://www.shl.com/sample/assessment-184/,Sample assessment #184 for testing,['K'],45,No,Yes
Sample Assessment 185,https://www.shl.com/sample/assessment-185/,Sample assessment #185 for testing,['K'],45,No,Yes
Sample Assessment 186,https://www.shl.com/sample/assessment-186/,Sample assessment #186 for testing,['K'],45,No,Yes
Sample Assessment 187,https://www.shl.com/sample/assessment-187/,Sample assessment #187 for testing,['K'],45,No,Yes
Sample Assessment 188,https://www.shl.com/sample/assessment-188/,Sample assessment #188 for testing,['K'],45,No,Yes
Sample Assessment 189,https://www.shl.com/sample/assessment-189/,Sample assessment #189 for testing,['K'],45,No,Yes
Sample Assessment 190,https://www.shl.com/sample/assessment-190/,Sample assessment #190 for testing,['K'],45,No,Yes
Sample Assessment 191,https://www.shl.com/sample/assessment-191/,Sample assessment #191 for testing,['K'],45,No,Yes
Sample Assessment 192,https://www.shl.com/sample/assessment-192/,Sample assessment #192 for testing,['K'],45,No,Yes
Sample Assessment 193,https://www.shl.com/sample/assessment-193/,Sample assessment #193 for testing,['K'],45,No,Yes
Sample Assessment 194,https://www.shl.com/sample/assessment-194/,Sample assessment #194 for testing,['K'],45,No,Yes
Sample Assessment 195,https://www.shl.com/sample/assessment-195/,Sample assessment #195 for testing,['K'],45,No,Yes
Sample Assessment 196,https://www.shl.com/sample/assessment-196/,Sample assessment #196 for testing,['K'],45,No,Yes
Sample Assessment 197,https://www.shl.com/sample/assessment-197/,Sample assessment #197 for testing,['K'],45,No,Yes
Sample Assessment 198,https://www.shl.com/sample/assessment-198/,Sample assessment #198 for testing,['K'],45,No,Yes
Sample Assessment 199,https://www.shl.com/sample/assessment-199/,Sample assessment #199 for testing,['K'],45,No,Yes
Sample Assessment 200,https://www.shl.com/sample/assessment-200/,Sample assessment #200 for testing,['K'],45,No,Yes
Sample Assessment 201,https://www.shl.com/sample/assessment-201/,Sample assessment #201 for testing,['K'],45,No,Yes
Sample Assessment 202,https://www.shl.com/sample/assessment-202/,Sample assessment #202 for testing,['K'],45,No,Yes
Sample Assessment 203,https://www.shl.com/sample/assessment-203/,Sample assessment #203 for testing,['K'],45,No,Yes
Sample Assessment 204,https://www.shl.com/sample/assessment-204/,Sample assessment #204 for testing,['K'],45,No,Yes
Sample Assessment 205,https://www.shl.com/sample/assessment-205/,Sample assessment #205 for testing,['K'],45,No,Yes
Sample Assessment 206,https://www.shl.com/sample/assessment-206/,Sample assessment #206 for testing,['K'],45,No,Yes
Sample Assessment 207,https://www.shl.com/sample/assessment-207/,Sample assessment #207 for testing,['K'],45,No,Yes
Sample Assessment 208,https://www.shl.com/sample/assessment-208/,Sample assessment #208 for testing,['K'],45,No,Yes
Sample Assessment 209,https://www.shl.com/sample/assessment-209/,Sample assessment #209 for testing,['K'],45,No,Yes
Sample Assessment 210,https://www.shl.com/sample/assessment-210/,Sample assessment #210 for testing,['K'],45,No,Yes
Sample Assessment 211,https://www.shl.com/sample/assessment-211/,Sample assessment #211 for testing,['K'],45,No,Yes
Sample Assessment 212,https://www.shl.com/sample/assessment-212/,Sample assessment #212 for testing,['K'],45,No,Yes
Sample Assessment 213,https://www.shl.com/sample/assessment-213/,Sample assessment #213 for testing,['K'],45,No,Yes
Sample Assessment 214,https://www.shl.com/sample/assessment-214/,Sample assessment #214 for testing,['K'],45,No,Yes
Sample Assessment 215,https://www.shl.com/sample/assessment-215/,Sample assessment #215 for testing,['K'],45,No,Yes
Sample Assessment 216,https://www.shl.com/sample/assessment-216/,Sample assessment #216 for testing,['K'],45,No,Yes
Sample Assessment 217,https://www.shl.com/sample/assessment-217/,Sample assessment #217 for testing,['K'],45,No,Yes
Sample Assessment 218,https://www.shl.com/sample/assessment-218/,Sample assessment #218 for testing,['K'],45,No,Yes
Sample Assessment 219,https://www.shl.com/sample/assessment-219/,Sample assessment #219 for testing,['K'],45,No,Yes
Sample Assessment 220,https://www.shl.com/sample/assessment-220/,Sample assessment #220 for testing,['K'],45,No,Yes
Sample Assessment 221,https://www.shl.com/sample/assessment-221/,Sample assessment #221 for testing,['K'],45,No,Yes
Sample Assessment 222,https://www.shl.com/sample/assessment-222/,Sample assessment #222 for testing,['K'],45,No,Yes
Sample Assessment 223,https://www.shl.com/sample/assessment-223/,Sample assessment #223 for testing,['K'],45,No,Yes
Sample Assessment 224,https://www.shl.com/sample/assessment-224/,Sample assessment #224 for testing,['K'],45,No,Yes
Sample Assessment 225,https://www.shl.com/sample/assessment-225/,Sample assessment #225 for testing,['K'],45,No,Yes
Sample Assessment 226,https://www.shl.com/sample/assessment-226/,Sample assessment #226 for testing,['K'],45,No,Yes
Sample Assessment 227,https://www.shl.com/sample/assessment-227/,Sample assessment #227 for testing,['K'],45,No,Yes
Sample Assessment 228,https://www.shl.com/sample/assessment-228/,Sample assessment #228 for testing,['K'],45,No,Yes
Sample Assessment 229,https://www.shl.com/sample/assessment-229/,Sample assessment #229 for testing,['K'],45,No,Yes
Sample Assessment 230,https://www.shl.com/sample/assessment-230/,Sample assessment #230 for testing,['K'],45,No,Yes
Sample Assessment 231,https://www.shl.com/sample/assessment-231/,Sample assessment #231 for testing,['K'],45,No,Yes
Sample Assessment 232,https://www.shl.com/sample/assessment-232/,Sample assessment #232 for testing,['K'],45,No,Yes
Sample Assessment 233,https://www.shl.com/sample/assessment-233/,Sample assessment #233 for testing,['K'],45,No,Yes
Sample Assessment 234,https://www.shl.com/sample/assessment-234/,Sample assessment #234 for testing,['K'],45,No,Yes
Sample Assessment 235,https://www.shl.com/sample/assessment-235/,Sample assessment #235 for testing,['K'],45,No,Yes
Sample Assessment 236,https://www.shl.com/sample/assessment-236/,Sample assessment #236 for testing,['K'],45,No,Yes
Sample Assessment 237,https://www.shl.com/sample/assessment-237/,Sample assessment #237 for testing,['K'],45,No,Yes
Sample Assessment 238,https://www.shl.com/sample/assessment-238/,Sample assessment #238 for testing,['K'],45,No,Yes
Sample Assessment 239,https://www.shl.com/sample/assessment-239/,Sample assessment #239 for testing,['K'],45,No,Yes
Sample Assessment 240,https://www.shl.com/sample/assessment-240/,Sample assessment #240 for testing,['K'],45,No,Yes
Sample Assessment 241,https://www.shl.com/sample/assessment-241/,Sample assessment #241 for testing,['K'],45,No,Yes
Sample Assessment 242,https://www.shl.com/sample/assessment-242/,Sample assessment #242 for testing,['K'],45,No,Yes
Sample Assessment 243,https://www.shl.com/sample/assessment-243/,Sample assessment #243 for testing,['K'],45,No,Yes
Sample Assessment 244,https://www.shl.com/sample/assessment-244/,Sample assessment #244 for testing,['K'],45,No,Yes
Sample Assessment 245,https://www.shl.com/sample/assessment-245/,Sample assessment #245 for testing,['K'],45,No,Yes
Sample Assessment 246,https://www.shl.com/sample/assessment-246/,Sample assessment #246 for testing,['K'],45,No,Yes
Sample Assessment 247,https://www.shl.com/sample/assessment-247/,Sample assessment #247 for testing,['K'],45,No,Yes
Sample Assessment 248,https://www.shl.com/sample/assessment-248/,Sample assessment #248 for testing,['K'],45,No,Yes
Sample Assessment 249,https://www.shl.com/sample/assessment-249/,Sample assessment #249 for testing,['K'],45,No,Yes
Sample Assessment 250,https://www.shl.com/sample/assessment-250/,Sample assessment #250 for testing,['K'],45,No,Yes
Sample Assessment 251,https://www.shl.com/sample/assessment-251/,Sample assessment #251 for testing,['K'],45,No,Yes
Sample Assessment 252,https://www.shl.com/sample/assessment-252/,Sample assessment #252 for testing,['K'],45,No,Yes
Sample Assessment 253,https://www.shl.com/sample/assessment-253/,Sample assessment #253 for testing,['K'],45,No,Yes
Sample Assessment 254,https://www.shl.com/sample/assessment-254/,Sample assessment #254 for testing,['K'],45,No,Yes
Sample Assessment 255,https://www.shl.com/sample/assessment-255/,Sample assessment #255 for testing,['K'],45,No,Yes
Sample Assessment 256,https://www.shl.com/sample/assessment-256/,Sample assessment #256 for testing,['K'],45,No,Yes
Sample Assessment 257,https://www.shl.com/sample/assessment-257/,Sample assessment #257 for testing,['K'],45,No,Yes
Sample Assessment 258,https://www.shl.com/sample/assessment-258/,Sample assessment #258 for testing,['K'],45,No,Yes
Sample Assessment 259,https://www.shl.com/sample/assessment-259/,Sample assessment #259 for testing,['K'],45,No,Yes
Sample Assessment 260,https://www.shl.com/sample/assessment-260/,Sample assessment #260 for testing,['K'],45,No,Yes
Sample Assessment 261,https://www.shl.com/sample/assessment-261/,Sample assessment #261 for testing,['K'],45,No,Yes
Sample Assessment 262,https://www.shl.com/sample/assessment-262/,Sample assessment #262 for testing,['K'],45,No,Yes
Sample Assessment 263,https://www.shl.com/sample/assessment-263/,Sample assessment #263 for testing,['K'],45,No,Yes
Sample Assessment 264,https://www.shl.com/sample/assessment-264/,Sample assessment #264 for testing,['K'],45,No,Yes
Sample Assessment 265,https://www.shl.com/sample/assessment-265/,Sample assessment #265 for testing,['K'],45,No,Yes
Sample Assessment 266,https://www.shl.com/sample/assessment-266/,Sample assessment #266 for testing,['K'],45,No,Yes
Sample Assessment 267,https://www.shl.com/sample/assessment-267/,Sample assessment #267 for testing,['K'],45,No,Yes
Sample Assessment 268,https://www.shl.com/sample/assessment-268/,Sample assessment #268 for testing,['K'],45,No,Yes
Sample Assessment 269,https://www.shl.com/sample/assessment-269/,Sample assessment #269 for testing,['K'],45,No,Yes
Sample Assessment 270,https://www.shl.com/sample/assessment-270/,Sample assessment #270 for testing,['K'],45,No,Yes
Sample Assessment 271,https://www.shl.com/sample/assessment-271/,Sample assessment #271 for testing,['K'],45,No,Yes
Sample Assessment 272,https://www.shl.com/sample/assessment-272/,Sample assessment #272 for testing,['K'],45,No,Yes
Sample Assessment 273,https://www.shl.com/sample/assessment-273/,Sample assessment #273 for testing,['K'],45,No,Yes
Sample Assessment 274,https://www.shl.com/sample/assessment-274/,Sample assessment #274 for testing,['K'],45,No,Yes
Sample Assessment 275,https://www.shl.com/sample/assessment-275/,Sample assessment #275 for testing,['K'],45,No,Yes
Sample Assessment 276,https://www.shl.com/sample/assessment-276/,Sample assessment #276 for testing,['K'],45,No,Yes
Sample Assessment 277,https://www.shl.com/sample/assessment-277/,Sample assessment #277 for testing,['K'],45,No,Yes
Sample Assessment 278,https://www.shl.com/sample/assessment-278/,Sample assessment #278 for testing,['K'],45,No,Yes
Sample Assessment 279,https://www.shl.com/sample/assessment-279/,Sample assessment #279 for testing,['K'],45,No,Yes
Sample Assessment 280,https://www.shl.com/sample/assessment-280/,Sample assessment #280 for testing,['K'],45,No,Yes
Sample Assessment 281,https://www.shl.com/sample/assessment-281/,Sample assessment #281 for testing,['K'],45,No,Yes
Sample Assessment 282,https://www.shl.com/sample/assessment-282/,Sample assessment #282 for testing,['K'],45,No,Yes
Sample Assessment 283,https://www.shl.com/sample/assessment-283/,Sample assessment #283 for testing,['K'],45,No,Yes
Sample Assessment 284,https://www.shl.com/sample/assessment-284/,Sample assessment #284 for testing,['K'],45,No,Yes
Sample Assessment 285,https://www.shl.com/sample/assessment-285/,Sample assessment #285 for testing,['K'],45,No,Yes
Sample Assessment 286,https://www.shl.com/sample/assessment-286/,Sample assessment #286 for testing,['K'],45,No,Yes
Sample Assessment 287,https://www.shl.com/sample/assessment-287/,Sample assessment #287 for testing,['K'],45,No,Yes
Sample Assessment 288,https://www.shl.com/sample/assessment-288/,Sample assessment #288 for testing,['K'],45,No,Yes
Sample Assessment 289,https://www.shl.com/sample/assessment-289/,Sample assessment #289 for testing,['K'],45,No,Yes
Sample Assessment 290,https://www.shl.com/sample/assessment-290/,Sample assessment #290 for testing,['K'],45,No,Yes
Sample Assessment 291,https://www.shl.com/sample/assessment-291/,Sample assessment #291 for testing,['K'],45,No,Yes
Sample Assessment 292,https://www.shl.com/sample/assessment-292/,Sample assessment #292 for testing,['K'],45,No,Yes
Sample Assessment 293,https://www.shl.com/sample/assessment-293/,Sample assessment #293 for testing,['K'],45,No,Yes
Sample Assessment 294,https://www.shl.com/sample/assessment-294/,Sample assessment #294 for testing,['K'],45,No,Yes
Sample Assessment 295,https://www.shl.com/sample/assessment-295/,Sample assessment #295 for testing,['K'],45,No,Yes
Sample Assessment 296,https://www.shl.com/sample/assessment-296/,Sample assessment #296 for testing,['K'],45,No,Yes
Sample Assessment 297,https://www.shl.com/sample/assessment-297/,Sample assessment #297 for testing,['K'],45,No,Yes
Sample Assessment 298,https://www.shl.com/sample/assessment-298/,Sample assessment #298 for testing,['K'],45,No,Yes
Sample Assessment 299,https://www.shl.com/sample/assessment-299/,Sample assessment #299 for testing,['K'],45,No,Yes
Sample Assessment 300,https://www.shl.com/sample/assessment-300/,Sample assessment #300 for testing,['K'],45,No,Yes
Sample Assessment 301,https://www.shl.com/sample/assessment-301/,Sample assessment #301 for testing,['K'],45,No,Yes
Sample Assessment 302,https://www.shl.com/sample/assessment-302/,Sample assessment #302 for testing,['K'],45,No,Yes
Sample Assessment 303,https://www.shl.com/sample/assessment-303/,Sample assessment #303 for testing,['K'],45,No,Yes
Sample Assessment 304,https://www.shl.com/sample/assessment-304/,Sample assessment #304 for testing,['K'],45,No,Yes
Sample Assessment 305,https://www.shl.com/sample/assessment-305/,Sample assessment #305 for testing,['K'],45,No,Yes
Sample Assessment 306,https://www.shl.com/sample/assessment-306/,Sample assessment #306 for testing,['K'],45,No,Yes
Sample Assessment 307,https://www.shl.com/sample/assessment-307/,Sample assessment #307 for testing,['K'],45,No,Yes
Sample Assessment 308,https://www.shl.com/sample/assessment-308/,Sample assessment #308 for testing,['K'],45,No,Yes
Sample Assessment 309,https://www.shl.com/sample/assessment-309/,Sample assessment #309 for testing,['K'],45,No,Yes
Sample Assessment 310,https://www.shl.com/sample/assessment-310/,Sample assessment #310 for testing,['K'],45,No,Yes
Sample Assessment 311,https://www.shl.com/sample/assessment-311/,Sample assessment #311 for testing,['K'],45,No,Yes
Sample Assessment 312,https://www.shl.com/sample/assessment-312/,Sample assessment #312 for testing,['K'],45,No,Yes
Sample Assessment 313,https://www.shl.com/sample/assessment-313/,Sample assessment #313 for testing,['K'],45,No,Yes
Sample Assessment 314,https://www.shl.com/sample/assessment-314/,Sample assessment #314 for testing,['K'],45,No,Yes
Sample Assessment 315,https://www.shl.com/sample/assessment-315/,Sample assessment #315 for testing,['K'],45,No,Yes
Sample Assessment 316,https://www.shl.com/sample/assessment-316/,Sample assessment #316 for testing,['K'],45,No,Yes
Sample Assessment 317,https://www.shl.com/sample/assessment-317/,Sample assessment #317 for testing,['K'],45,No,Yes
Sample Assessment 318,https://www.shl.com/sample/assessment-318/,Sample assessment #318 for testing,['K'],45,No,Yes
Sample Assessment 319,https://www.shl.com/sample/assessment-319/,Sample assessment #319 for testing,['K'],45,No,Yes
Sample Assessment 320,https://www.shl.com/sample/assessment-320/,Sample assessment #320 for testing,['K'],45,No,Yes
Sample Assessment 321,https://www.shl.com/sample/assessment-321/,Sample assessment #321 for testing,['K'],45,No,Yes
Sample Assessment 322,https://www.shl.com/sample/assessment-322/,Sample assessment #322 for testing,['K'],45,No,Yes
Sample Assessment 323,https://www.shl.com/sample/assessment-323/,Sample assessment #323 for testing,['K'],45,No,Yes
